{
"lengthUnit": "mil",
"remark": [],
"components": {
	"fields": ["COMPONENT_NO", "COMPONENT_NAME", "LAYER", "X_COORDINATE", "Y_COORDINATE", "ANGLE"],
	"rows": [
		[1, "H1", "T", 165, -440, 0],
		[2, "H2", "T", 283.4646, -220.4724, 180],
		[3, "H3", "B", 550, -690, 90],
		[4, "LED3", "T", 503.937, -220.4724, 90],
		[5, "R1", "T", 309.252, -1159.8373, 270],
		[6, "R2", "T", 188.9764, -1118.1101, 90],
		[7, "SW1", "T", 755.9055, -220.4724, 0],
		[8, "U1", "T", 705, -600, 180],
		[9, "U2", "T", 125, -835, 90],
		[10, "PAD1", "T", 215, -518.74, 0],
		[11, "PAD2", "T", 115, -361.26, 0],
		[12, "PAD3", "T", 115, -518.74, 0],
		[13, "PAD4", "T", 65, -361.26, 0],
		[14, "PAD5", "T", 65, -518.74, 0],
		[15, "PAD6", "T", 333.4646, -220.4724, 0],
		[16, "PAD6", "B", 333.4646, -220.4724, 0],
		[17, "PAD7", "T", 233.4646, -220.4724, 0],
		[18, "PAD7", "B", 233.4646, -220.4724, 0],
		[19, "PAD8", "T", 900.3955, -220.4724, 0],
		[20, "PAD9", "T", 611.4155, -220.4724, 0],
		[21, "PAD10", "T", 999.882, -826.363, 0],
		[22, "PAD11", "T", 999.882, -779.119, 0],
		[23, "PAD12", "T", 999.882, -731.875, 0],
		[24, "PAD13", "T", 999.882, -684.631, 0],
		[25, "PAD14", "T", 999.882, -637.387, 0],
		[26, "PAD15", "T", 999.882, -495.655, 0],
		[27, "PAD16", "T", 999.882, -448.411, 0],
		[28, "PAD17", "T", 870.355, -373.618, 0],
		[29, "PAD18", "T", 681.38, -373.618, 0],
		[30, "PAD19", "T", 410.119, -448.423, 0],
		[31, "PAD20", "T", 410.119, -495.665, 0],
		[32, "PAD21", "T", 410.119, -542.919, 0],
		[33, "PAD22", "T", 410.119, -731.895, 0],
		[34, "PAD23", "T", 410.119, -779.139, 0],
		[35, "PAD24", "T", 410.119, -826.383, 0],
		[36, "PAD25", "T", 15.983, -685.002, 0],
		[37, "PAD26", "T", 15.983, -735.002, 0],
		[38, "PAD27", "T", 15.983, -785.002, 0],
		[39, "PAD28", "T", 15.983, -835.002, 0],
		[40, "PAD29", "T", 15.983, -885.002, 0],
		[41, "PAD30", "T", 15.983, -935.002, 0],
		[42, "PAD31", "T", 15.983, -985.002, 0],
		[43, "PAD32", "T", 234.023, -685.002, 0],
		[44, "PAD33", "T", 234.023, -735.002, 0],
		[45, "PAD34", "T", 234.023, -785.002, 0],
		[46, "PAD35", "T", 234.023, -835.002, 0],
		[47, "PAD36", "T", 234.023, -885.002, 0],
		[48, "PAD37", "T", 234.023, -935.002, 0],
		[49, "PAD38", "T", 234.023, -985.002, 0],
		[50, "PAD39", "B", 607.48, -790, 0],
		[51, "PAD40", "B", 492.52, -690, 0],
		[52, "PAD41", "B", 607.48, -590, 0],
		[53, "PAD42", "T", 503.937, -261.8224, 0],
		[54, "PAD43", "T", 503.937, -179.1224, 0],
		[55, "PAD44", "T", 309.252, -1199.2073, 0],
		[56, "PAD45", "T", 309.252, -1120.4673, 0],
		[57, "PAD46", "T", 188.9764, -1078.7401, 0],
		[58, "PAD47", "T", 188.9764, -1157.4801, 0]
	]
},
"pins": {
	"fields": ["PIN_NO", "PIN_NAME", "PIN_X", "PIN_Y", "LAYER", "PIN_TYPE", "NET_NAME", "NET_TYPE", "PAD_SHAPE", "PAD_SIZEX", "PAD_SIZEY", "HOLE_SIZE", "HOLE_LEN", "PAD_ANGLE"],
	"rows": [
		[1, "H1_1", 65, -518.74, "T", "SMD", "GND", "GND", "R", 29.134, 98.425, 0, 0, 0],
		[2, "H1_2", 65, -361.26, "T", "SMD", "VCC", "", "R", 29.134, 98.425, 0, 0, 0],
		[3, "H1_3", 115, -518.74, "T", "SMD", "$1N849", "", "R", 29.134, 98.425, 0, 0, 0],
		[4, "H1_4", 115, -361.26, "T", "SMD", "$1N4337", "", "R", 29.134, 98.425, 0, 0, 0],
		[5, "H1_5", 165, -518.74, "T", "SMD", "NET_1", "", "R", 29.134, 98.425, 0, 0, 0],
		[6, "H1_6", 165, -361.26, "T", "SMD", "NET_2", "", "R", 29.134, 98.425, 0, 0, 0],
		[7, "H1_7", 215, -518.74, "T", "SMD", "$1N864", "", "R", 29.134, 98.425, 0, 0, 0],
		[8, "H1_8", 215, -361.26, "T", "SMD", "NET_3", "", "R", 29.134, 98.425, 0, 0, 0],
		[9, "H1_9", 265, -518.74, "T", "SMD", "NET_4", "", "R", 29.134, 98.425, 0, 0, 0],
		[10, "H1_10", 265, -361.26, "T", "SMD", "NET_5", "", "R", 29.134, 98.425, 0, 0, 0],
		[11, "H2_1", 333.4646, -220.4724, "T", "DIP", "GND", "GND", "R", 60.24, 60.24, 40.16, 40.36, 180],
		[12, "H2_1", 333.4646, -220.4724, "B", "DIP", "GND", "GND", "R", 60.24, 60.24, 40.16, 40.36, 180],
		[13, "H2_2", 233.4646, -220.4724, "T", "DIP", "VCC", "", "C", 60.24, 60.24, 40.16, 40.36, 180],
		[14, "H2_2", 233.4646, -220.4724, "B", "DIP", "VCC", "", "C", 60.24, 60.24, 40.16, 40.36, 180],
		[15, "H3_1", 607.48, -790, "B", "SMD", "$1N3312", "", "P", 135.04, 50, 0, 0, 90],
		[16, "H3_2", 492.52, -690, "B", "SMD", "GND", "GND", "P", 135.04, 50, 0, 0, 90],
		[17, "H3_3", 607.48, -590, "B", "SMD", "$1N4330", "", "P", 135.04, 50, 0, 0, 90],
		[18, "LED3_1", 503.937, -179.1224, "T", "SMD", "GND", "GND", "R", 39.37, 55.1, 0, 0, 270],
		[19, "LED3_2", 503.937, -261.8224, "T", "SMD", "$1N873", "", "R", 39.37, 55.1, 0, 0, 270],
		[20, "R1_1", 309.252, -1120.4673, "T", "SMD", "$1N4330", "", "R", 44.588, 54.213, 0, 0, 270],
		[21, "R1_2", 309.252, -1199.2073, "T", "SMD", "$1N3207", "", "R", 44.588, 54.213, 0, 0, 270],
		[22, "R2_1", 188.9764, -1157.4801, "T", "SMD", "$1N3312", "", "R", 44.588, 54.213, 0, 0, 90],
		[23, "R2_2", 188.9764, -1078.7401, "T", "SMD", "$1N3308", "", "R", 44.588, 54.213, 0, 0, 90],
		[24, "SW1_1", 611.4155, -220.4724, "T", "SMD", "$1N1438", "", "R", 68.504, 55.118, 0, 0, 0],
		[25, "SW1_2", 900.3955, -220.4724, "T", "SMD", "VCC", "", "R", 68.504, 55.118, 0, 0, 0],
		[26, "U1_1", 999.882, -826.363, "T", "SMD", "VCC", "", "R", 62.992, 27.559, 0, 0, 180],
		[27, "U1_2", 999.882, -779.119, "T", "SMD", "GND", "GND", "R", 62.992, 27.559, 0, 0, 180],
		[28, "U1_3", 999.882, -731.875, "T", "SMD", "$1N849", "", "R", 62.992, 27.559, 0, 0, 180],
		[29, "U1_4", 999.882, -684.631, "T", "SMD", "$1N4337", "", "R", 62.992, 27.559, 0, 0, 180],
		[30, "U1_5", 999.882, -637.387, "T", "SMD", "$1N3312", "", "R", 62.992, 27.559, 0, 0, 180],
		[31, "U1_6", 999.882, -590.143, "T", "SMD", "NET_6", "", "R", 62.992, 27.559, 0, 0, 180],
		[32, "U1_7", 999.882, -542.899, "T", "SMD", "NET_7", "", "R", 62.992, 27.559, 0, 0, 180],
		[33, "U1_8", 999.882, -495.655, "T", "SMD", "GND", "GND", "R", 62.992, 27.559, 0, 0, 180],
		[34, "U1_9", 999.882, -448.411, "T", "SMD", "GND", "GND", "R", 62.992, 27.559, 0, 0, 180],
		[35, "U1_10", 870.355, -373.618, "T", "SMD", "GND", "GND", "R", 62.992, 27.559, 0, 0, 270],
		[36, "U1_11", 823.112, -373.618, "T", "SMD", "NET_8", "", "R", 62.992, 27.559, 0, 0, 270],
		[37, "U1_12", 775.868, -373.618, "T", "SMD", "NET_9", "", "R", 62.992, 27.559, 0, 0, 270],
		[38, "U1_13", 728.624, -373.618, "T", "SMD", "NET_10", "", "R", 62.992, 27.559, 0, 0, 270],
		[39, "U1_14", 681.38, -373.618, "T", "SMD", "$1N1438", "", "R", 62.992, 27.559, 0, 0, 270],
		[40, "U1_15", 634.136, -373.618, "T", "SMD", "NET_11", "", "R", 62.992, 27.559, 0, 0, 270],
		[41, "U1_16", 586.892, -373.618, "T", "SMD", "NET_12", "", "R", 62.992, 27.559, 0, 0, 270],
		[42, "U1_17", 539.647, -373.622, "T", "SMD", "NET_13", "", "R", 62.992, 27.559, 0, 0, 270],
		[43, "U1_18", 410.119, -448.423, "T", "SMD", "$1N4330", "", "R", 62.992, 27.559, 0, 0, 0],
		[44, "U1_19", 410.119, -495.665, "T", "SMD", "$1N2964", "", "R", 62.992, 27.559, 0, 0, 0],
		[45, "U1_20", 410.119, -542.919, "T", "SMD", "$1N2000", "", "R", 62.992, 27.559, 0, 0, 0],
		[46, "U1_21", 410.119, -590.163, "T", "SMD", "NET_14", "", "R", 62.992, 27.559, 0, 0, 0],
		[47, "U1_22", 410.119, -637.407, "T", "SMD", "NET_15", "", "R", 62.992, 27.559, 0, 0, 0],
		[48, "U1_23", 410.119, -684.651, "T", "SMD", "NET_16", "", "R", 62.992, 27.559, 0, 0, 0],
		[49, "U1_24", 410.119, -731.895, "T", "SMD", "$1N873", "", "R", 62.992, 27.559, 0, 0, 0],
		[50, "U1_25", 410.119, -779.139, "T", "SMD", "$1N864", "", "R", 62.992, 27.559, 0, 0, 0],
		[51, "U1_26", 410.119, -826.383, "T", "SMD", "GND", "GND", "R", 62.992, 27.559, 0, 0, 0],
		[52, "U1_27", 723.112, -631.491, "T", "SMD", "NET_17", "", "R", 181.102, 181.102, 0, 0, 270],
		[53, "U2_1", 234.023, -985.002, "T", "SMD", "VCC", "", "O", 22.598, 80.236, 0, 0, 90],
		[54, "U2_2", 234.023, -935.002, "T", "SMD", "$1N2006", "", "O", 22.598, 80.236, 0, 0, 90],
		[55, "U2_3", 234.023, -885.002, "T", "SMD", "$1N2000", "", "O", 22.598, 80.236, 0, 0, 90],
		[56, "U2_4", 234.023, -835.002, "T", "SMD", "VCC", "", "O", 22.598, 80.236, 0, 0, 90],
		[57, "U2_5", 234.023, -785.002, "T", "SMD", "$1N3308", "", "O", 22.598, 80.236, 0, 0, 90],
		[58, "U2_6", 234.023, -735.002, "T", "SMD", "$1N2006", "", "O", 22.598, 80.236, 0, 0, 90],
		[59, "U2_7", 234.023, -685.002, "T", "SMD", "GND", "GND", "O", 22.598, 80.236, 0, 0, 90],
		[60, "U2_8", 15.983, -685.002, "T", "SMD", "$1N2890", "", "O", 22.598, 80.236, 0, 0, 90],
		[61, "U2_9", 15.983, -735.002, "T", "SMD", "$1N3207", "", "O", 22.598, 80.236, 0, 0, 90],
		[62, "U2_10", 15.983, -785.002, "T", "SMD", "VCC", "", "O", 22.598, 80.236, 0, 0, 90],
		[63, "U2_11", 15.983, -835.002, "T", "SMD", "$1N2964", "", "O", 22.598, 80.236, 0, 0, 90],
		[64, "U2_12", 15.983, -885.002, "T", "SMD", "$1N2890", "", "O", 22.598, 80.236, 0, 0, 90],
		[65, "U2_13", 15.983, -935.002, "T", "SMD", "VCC", "", "O", 22.598, 80.236, 0, 0, 90],
		[66, "U2_14", 15.983, -985.002, "T", "SMD", "VCC", "", "O", 22.598, 80.236, 0, 0, 90],
		[67, "PAD1_7", 215, -518.74, "T", "SMD", "$1N864", "", "R", 29.134, 98.425, 0, 0, 0],
		[68, "PAD2_4", 115, -361.26, "T", "SMD", "$1N4337", "", "R", 29.134, 98.425, 0, 0, 0],
		[69, "PAD3_3", 115, -518.74, "T", "SMD", "$1N849", "", "R", 29.134, 98.425, 0, 0, 0],
		[70, "PAD4_2", 65, -361.26, "T", "SMD", "VCC", "", "R", 29.134, 98.425, 0, 0, 0],
		[71, "PAD5_1", 65, -518.74, "T", "SMD", "GND", "GND", "R", 29.134, 98.425, 0, 0, 0],
		[72, "PAD6_1", 333.4646, -220.4724, "T", "DIP", "GND", "GND", "R", 60.24, 60.24, 40.16, 40.36, 180],
		[73, "PAD6_1", 333.4646, -220.4724, "B", "DIP", "GND", "GND", "R", 60.24, 60.24, 40.16, 40.36, 180],
		[74, "PAD7_2", 233.4646, -220.4724, "T", "DIP", "VCC", "", "C", 60.24, 60.24, 40.16, 40.36, 180],
		[75, "PAD7_2", 233.4646, -220.4724, "B", "DIP", "VCC", "", "C", 60.24, 60.24, 40.16, 40.36, 180],
		[76, "PAD8_2", 900.3955, -220.4724, "T", "SMD", "VCC", "", "R", 68.504, 55.118, 0, 0, 0],
		[77, "PAD9_1", 611.4155, -220.4724, "T", "SMD", "$1N1438", "", "R", 68.504, 55.118, 0, 0, 0],
		[78, "PAD10_1", 999.882, -826.363, "T", "SMD", "VCC", "", "R", 62.992, 27.559, 0, 0, 180],
		[79, "PAD11_2", 999.882, -779.119, "T", "SMD", "GND", "GND", "R", 62.992, 27.559, 0, 0, 180],
		[80, "PAD12_3", 999.882, -731.875, "T", "SMD", "$1N849", "", "R", 62.992, 27.559, 0, 0, 180],
		[81, "PAD13_4", 999.882, -684.631, "T", "SMD", "$1N4337", "", "R", 62.992, 27.559, 0, 0, 180],
		[82, "PAD14_5", 999.882, -637.387, "T", "SMD", "$1N3312", "", "R", 62.992, 27.559, 0, 0, 180],
		[83, "PAD15_8", 999.882, -495.655, "T", "SMD", "GND", "GND", "R", 62.992, 27.559, 0, 0, 180],
		[84, "PAD16_9", 999.882, -448.411, "T", "SMD", "GND", "GND", "R", 62.992, 27.559, 0, 0, 180],
		[85, "PAD17_10", 870.355, -373.618, "T", "SMD", "GND", "GND", "R", 62.992, 27.559, 0, 0, 270],
		[86, "PAD18_14", 681.38, -373.618, "T", "SMD", "$1N1438", "", "R", 62.992, 27.559, 0, 0, 270],
		[87, "PAD19_18", 410.119, -448.423, "T", "SMD", "$1N4330", "", "R", 62.992, 27.559, 0, 0, 0],
		[88, "PAD20_19", 410.119, -495.665, "T", "SMD", "$1N2964", "", "R", 62.992, 27.559, 0, 0, 0],
		[89, "PAD21_20", 410.119, -542.919, "T", "SMD", "$1N2000", "", "R", 62.992, 27.559, 0, 0, 0],
		[90, "PAD22_24", 410.119, -731.895, "T", "SMD", "$1N873", "", "R", 62.992, 27.559, 0, 0, 0],
		[91, "PAD23_25", 410.119, -779.139, "T", "SMD", "$1N864", "", "R", 62.992, 27.559, 0, 0, 0],
		[92, "PAD24_26", 410.119, -826.383, "T", "SMD", "GND", "GND", "R", 62.992, 27.559, 0, 0, 0],
		[93, "PAD25_8", 15.983, -685.002, "T", "SMD", "$1N2890", "", "O", 22.598, 80.236, 0, 0, 90],
		[94, "PAD26_9", 15.983, -735.002, "T", "SMD", "$1N3207", "", "O", 22.598, 80.236, 0, 0, 90],
		[95, "PAD27_10", 15.983, -785.002, "T", "SMD", "VCC", "", "O", 22.598, 80.236, 0, 0, 90],
		[96, "PAD28_11", 15.983, -835.002, "T", "SMD", "$1N2964", "", "O", 22.598, 80.236, 0, 0, 90],
		[97, "PAD29_12", 15.983, -885.002, "T", "SMD", "$1N2890", "", "O", 22.598, 80.236, 0, 0, 90],
		[98, "PAD30_13", 15.983, -935.002, "T", "SMD", "VCC", "", "O", 22.598, 80.236, 0, 0, 90],
		[99, "PAD31_14", 15.983, -985.002, "T", "SMD", "VCC", "", "O", 22.598, 80.236, 0, 0, 90],
		[100, "PAD32_7", 234.023, -685.002, "T", "SMD", "GND", "GND", "O", 22.598, 80.236, 0, 0, 90],
		[101, "PAD33_6", 234.023, -735.002, "T", "SMD", "$1N2006", "", "O", 22.598, 80.236, 0, 0, 90],
		[102, "PAD34_5", 234.023, -785.002, "T", "SMD", "$1N3308", "", "O", 22.598, 80.236, 0, 0, 90],
		[103, "PAD35_4", 234.023, -835.002, "T", "SMD", "VCC", "", "O", 22.598, 80.236, 0, 0, 90],
		[104, "PAD36_3", 234.023, -885.002, "T", "SMD", "$1N2000", "", "O", 22.598, 80.236, 0, 0, 90],
		[105, "PAD37_2", 234.023, -935.002, "T", "SMD", "$1N2006", "", "O", 22.598, 80.236, 0, 0, 90],
		[106, "PAD38_1", 234.023, -985.002, "T", "SMD", "VCC", "", "O", 22.598, 80.236, 0, 0, 90],
		[107, "PAD39_1", 607.48, -790, "B", "SMD", "$1N3312", "", "P", 135.04, 50, 0, 0, 90],
		[108, "PAD40_2", 492.52, -690, "B", "SMD", "GND", "GND", "P", 135.04, 50, 0, 0, 90],
		[109, "PAD41_3", 607.48, -590, "B", "SMD", "$1N4330", "", "P", 135.04, 50, 0, 0, 90],
		[110, "PAD42_2", 503.937, -261.8224, "T", "SMD", "$1N873", "", "R", 39.37, 55.1, 0, 0, 270],
		[111, "PAD43_1", 503.937, -179.1224, "T", "SMD", "GND", "GND", "R", 39.37, 55.1, 0, 0, 270],
		[112, "PAD44_2", 309.252, -1199.2073, "T", "SMD", "$1N3207", "", "R", 44.588, 54.213, 0, 0, 270],
		[113, "PAD45_1", 309.252, -1120.4673, "T", "SMD", "$1N4330", "", "R", 44.588, 54.213, 0, 0, 270],
		[114, "PAD46_2", 188.9764, -1078.7401, "T", "SMD", "$1N3308", "", "R", 44.588, 54.213, 0, 0, 90],
		[115, "PAD47_1", 188.9764, -1157.4801, "T", "SMD", "$1N3312", "", "R", 44.588, 54.213, 0, 0, 90]
	]
}
}