{
"lengthUnit": "mil",
"remark": [],
"components": {
	"fields": ["COMPONENT_NO", "COMPONENT_NAME", "LAYER", "X_COORDINATE", "Y_COORDINATE", "ANGLE"],
	"rows": [
		[1, "H1", "T", 165, -440, 0],
		[2, "H2", "T", 370, -190, 180],
		[3, "LED1", "T", 240, -1110, 180],
		[4, "LED2", "B", 565, -690, 90],
		[5, "SW1", "T", 755, -215, 0],
		[6, "U1", "T", 705, -600, 180],
		[7, "U2", "T", 125, -835, 90],
		[8, "PAD1", "T", 215, -518.74, 0],
		[9, "PAD2", "T", 115, -361.26, 0],
		[10, "PAD3", "T", 115, -518.74, 0],
		[11, "PAD4", "T", 65, -361.26, 0],
		[12, "PAD5", "T", 65, -518.74, 0],
		[13, "PAD6", "T", 420, -190, 0],
		[14, "PAD6", "B", 420, -190, 0],
		[15, "PAD7", "T", 320, -190, 0],
		[16, "PAD7", "B", 320, -190, 0],
		[17, "PAD8", "T", 203.78, -1110, 0],
		[18, "PAD9", "T", 276.22, -1110, 0],
		[19, "PAD10", "B", 565, -653.78, 0],
		[20, "PAD11", "B", 565, -726.22, 0],
		[21, "PAD12", "T", 899.49, -215, 0],
		[22, "PAD13", "T", 610.51, -215, 0],
		[23, "PAD14", "T", 999.882, -826.363, 0],
		[24, "PAD15", "T", 999.882, -779.119, 0],
		[25, "PAD16", "T", 999.882, -731.875, 0],
		[26, "PAD17", "T", 999.882, -684.631, 0],
		[27, "PAD18", "T", 999.882, -495.655, 0],
		[28, "PAD19", "T", 999.882, -448.411, 0],
		[29, "PAD20", "T", 870.355, -373.618, 0],
		[30, "PAD21", "T", 681.38, -373.618, 0],
		[31, "PAD22", "T", 539.647, -373.622, 0],
		[32, "PAD23", "T", 410.119, -542.919, 0],
		[33, "PAD24", "T", 410.119, -731.895, 0],
		[34, "PAD25", "T", 410.119, -779.139, 0],
		[35, "PAD26", "T", 410.119, -826.383, 0],
		[36, "PAD27", "T", 15.983, -985.002, 0],
		[37, "PAD28", "T", 234.023, -685.002, 0],
		[38, "PAD29", "T", 234.023, -735.002, 0],
		[39, "PAD30", "T", 234.023, -785.002, 0],
		[40, "PAD31", "T", 234.023, -835.002, 0],
		[41, "PAD32", "T", 234.023, -885.002, 0],
		[42, "PAD33", "T", 234.023, -935.002, 0],
		[43, "PAD34", "T", 234.023, -985.002, 0]
	]
},
"pins": {
	"fields": ["PIN_NO", "PIN_NAME", "PIN_X", "PIN_Y", "LAYER", "PIN_TYPE", "NET_NAME", "NET_TYPE", "PAD_SHAPE", "PAD_SIZEX", "PAD_SIZEY", "HOLE_SIZE", "HOLE_LEN", "PAD_ANGLE"],
	"rows": [
		[1, "H1_1", 65, -518.74, "T", "SMD", "GND", "GND", "R", 29.134, 98.425, 0, 0, 0],
		[2, "H1_2", 65, -361.26, "T", "SMD", "VCC", "", "R", 29.134, 98.425, 0, 0, 0],
		[3, "H1_3", 115, -518.74, "T", "SMD", "$1N849", "", "R", 29.134, 98.425, 0, 0, 0],
		[4, "H1_4", 115, -361.26, "T", "SMD", "$1N855", "", "R", 29.134, 98.425, 0, 0, 0],
		[5, "H1_5", 165, -518.74, "T", "SMD", "NET_1", "", "R", 29.134, 98.425, 0, 0, 0],
		[6, "H1_6", 165, -361.26, "T", "SMD", "NET_2", "", "R", 29.134, 98.425, 0, 0, 0],
		[7, "H1_7", 215, -518.74, "T", "SMD", "$1N864", "", "R", 29.134, 98.425, 0, 0, 0],
		[8, "H1_8", 215, -361.26, "T", "SMD", "NET_3", "", "R", 29.134, 98.425, 0, 0, 0],
		[9, "H1_9", 265, -518.74, "T", "SMD", "NET_4", "", "R", 29.134, 98.425, 0, 0, 0],
		[10, "H1_10", 265, -361.26, "T", "SMD", "NET_5", "", "R", 29.134, 98.425, 0, 0, 0],
		[11, "H2_1", 420, -190, "T", "DIP", "GND", "GND", "R", 60.24, 60.24, 40.16, 40.36, 180],
		[12, "H2_1", 420, -190, "B", "DIP", "GND", "GND", "R", 60.24, 60.24, 40.16, 40.36, 180],
		[13, "H2_2", 320, -190, "T", "DIP", "VCC", "", "C", 60.24, 60.24, 40.16, 40.36, 180],
		[14, "H2_2", 320, -190, "B", "DIP", "VCC", "", "C", 60.24, 60.24, 40.16, 40.36, 180],
		[15, "LED1_1", 276.22, -1110, "T", "SMD", "GND", "GND", "R", 31.496, 39.37, 0, 0, 180],
		[16, "LED1_2", 203.78, -1110, "T", "SMD", "$1N873", "", "R", 31.496, 39.37, 0, 0, 180],
		[17, "LED2_1", 565, -726.22, "B", "SMD", "$1N2064", "", "R", 47.2441, 66.9291, 0, 0, 90],
		[18, "LED2_2", 565, -653.78, "B", "SMD", "GND", "GND", "R", 47.2441, 66.9291, 0, 0, 90],
		[19, "SW1_1", 610.51, -215, "T", "SMD", "$1N1438", "", "R", 68.504, 55.118, 0, 0, 360],
		[20, "SW1_2", 899.49, -215, "T", "SMD", "GND", "GND", "R", 68.504, 55.118, 0, 0, 360],
		[21, "U1_1", 999.882, -826.363, "T", "SMD", "VCC", "", "R", 62.992, 27.559, 0, 0, 180],
		[22, "U1_2", 999.882, -779.119, "T", "SMD", "GND", "GND", "R", 62.992, 27.559, 0, 0, 180],
		[23, "U1_3", 999.882, -731.875, "T", "SMD", "$1N849", "", "R", 62.992, 27.559, 0, 0, 180],
		[24, "U1_4", 999.882, -684.631, "T", "SMD", "$1N855", "", "R", 62.992, 27.559, 0, 0, 180],
		[25, "U1_5", 999.882, -637.387, "T", "SMD", "NET_6", "", "R", 62.992, 27.559, 0, 0, 180],
		[26, "U1_6", 999.882, -590.143, "T", "SMD", "NET_7", "", "R", 62.992, 27.559, 0, 0, 180],
		[27, "U1_7", 999.882, -542.899, "T", "SMD", "NET_8", "", "R", 62.992, 27.559, 0, 0, 180],
		[28, "U1_8", 999.882, -495.655, "T", "SMD", "GND", "GND", "R", 62.992, 27.559, 0, 0, 180],
		[29, "U1_9", 999.882, -448.411, "T", "SMD", "GND", "GND", "R", 62.992, 27.559, 0, 0, 180],
		[30, "U1_10", 870.355, -373.618, "T", "SMD", "GND", "GND", "R", 62.992, 27.559, 0, 0, 270],
		[31, "U1_11", 823.112, -373.618, "T", "SMD", "NET_9", "", "R", 62.992, 27.559, 0, 0, 270],
		[32, "U1_12", 775.868, -373.618, "T", "SMD", "NET_10", "", "R", 62.992, 27.559, 0, 0, 270],
		[33, "U1_13", 728.624, -373.618, "T", "SMD", "NET_11", "", "R", 62.992, 27.559, 0, 0, 270],
		[34, "U1_14", 681.38, -373.618, "T", "SMD", "$1N1438", "", "R", 62.992, 27.559, 0, 0, 270],
		[35, "U1_15", 634.136, -373.618, "T", "SMD", "NET_12", "", "R", 62.992, 27.559, 0, 0, 270],
		[36, "U1_16", 586.892, -373.618, "T", "SMD", "NET_13", "", "R", 62.992, 27.559, 0, 0, 270],
		[37, "U1_17", 539.647, -373.622, "T", "SMD", "VCC", "", "R", 62.992, 27.559, 0, 0, 270],
		[38, "U1_18", 410.119, -448.423, "T", "SMD", "NET_14", "", "R", 62.992, 27.559, 0, 0, 0],
		[39, "U1_19", 410.119, -495.665, "T", "SMD", "NET_15", "", "R", 62.992, 27.559, 0, 0, 0],
		[40, "U1_20", 410.119, -542.919, "T", "SMD", "$1N2000", "", "R", 62.992, 27.559, 0, 0, 0],
		[41, "U1_21", 410.119, -590.163, "T", "SMD", "NET_16", "", "R", 62.992, 27.559, 0, 0, 0],
		[42, "U1_22", 410.119, -637.407, "T", "SMD", "NET_17", "", "R", 62.992, 27.559, 0, 0, 0],
		[43, "U1_23", 410.119, -684.651, "T", "SMD", "NET_18", "", "R", 62.992, 27.559, 0, 0, 0],
		[44, "U1_24", 410.119, -731.895, "T", "SMD", "$1N873", "", "R", 62.992, 27.559, 0, 0, 0],
		[45, "U1_25", 410.119, -779.139, "T", "SMD", "$1N864", "", "R", 62.992, 27.559, 0, 0, 0],
		[46, "U1_26", 410.119, -826.383, "T", "SMD", "GND", "GND", "R", 62.992, 27.559, 0, 0, 0],
		[47, "U1_27", 723.112, -631.491, "T", "SMD", "NET_19", "", "R", 181.102, 181.102, 0, 0, 270],
		[48, "U2_1", 234.023, -985.002, "T", "SMD", "VCC", "", "O", 22.598, 80.236, 0, 0, 90],
		[49, "U2_2", 234.023, -935.002, "T", "SMD", "$1N2006", "", "O", 22.598, 80.236, 0, 0, 90],
		[50, "U2_3", 234.023, -885.002, "T", "SMD", "$1N2000", "", "O", 22.598, 80.236, 0, 0, 90],
		[51, "U2_4", 234.023, -835.002, "T", "SMD", "VCC", "", "O", 22.598, 80.236, 0, 0, 90],
		[52, "U2_5", 234.023, -785.002, "T", "SMD", "$1N2064", "", "O", 22.598, 80.236, 0, 0, 90],
		[53, "U2_6", 234.023, -735.002, "T", "SMD", "$1N2006", "", "O", 22.598, 80.236, 0, 0, 90],
		[54, "U2_7", 234.023, -685.002, "T", "SMD", "GND", "GND", "O", 22.598, 80.236, 0, 0, 90],
		[55, "U2_8", 15.983, -685.002, "T", "SMD", "NET_20", "", "O", 22.598, 80.236, 0, 0, 90],
		[56, "U2_9", 15.983, -735.002, "T", "SMD", "NET_21", "", "O", 22.598, 80.236, 0, 0, 90],
		[57, "U2_10", 15.983, -785.002, "T", "SMD", "NET_22", "", "O", 22.598, 80.236, 0, 0, 90],
		[58, "U2_11", 15.983, -835.002, "T", "SMD", "NET_23", "", "O", 22.598, 80.236, 0, 0, 90],
		[59, "U2_12", 15.983, -885.002, "T", "SMD", "NET_24", "", "O", 22.598, 80.236, 0, 0, 90],
		[60, "U2_13", 15.983, -935.002, "T", "SMD", "NET_25", "", "O", 22.598, 80.236, 0, 0, 90],
		[61, "U2_14", 15.983, -985.002, "T", "SMD", "VCC", "", "O", 22.598, 80.236, 0, 0, 90],
		[62, "PAD1_7", 215, -518.74, "T", "SMD", "$1N864", "", "R", 29.134, 98.425, 0, 0, 0],
		[63, "PAD2_4", 115, -361.26, "T", "SMD", "$1N855", "", "R", 29.134, 98.425, 0, 0, 0],
		[64, "PAD3_3", 115, -518.74, "T", "SMD", "$1N849", "", "R", 29.134, 98.425, 0, 0, 0],
		[65, "PAD4_2", 65, -361.26, "T", "SMD", "VCC", "", "R", 29.134, 98.425, 0, 0, 0],
		[66, "PAD5_1", 65, -518.74, "T", "SMD", "GND", "GND", "R", 29.134, 98.425, 0, 0, 0],
		[67, "PAD6_1", 420, -190, "T", "DIP", "GND", "GND", "R", 60.24, 60.24, 40.16, 40.36, 180],
		[68, "PAD6_1", 420, -190, "B", "DIP", "GND", "GND", "R", 60.24, 60.24, 40.16, 40.36, 180],
		[69, "PAD7_2", 320, -190, "T", "DIP", "VCC", "", "C", 60.24, 60.24, 40.16, 40.36, 180],
		[70, "PAD7_2", 320, -190, "B", "DIP", "VCC", "", "C", 60.24, 60.24, 40.16, 40.36, 180],
		[71, "PAD8_2", 203.78, -1110, "T", "SMD", "$1N873", "", "R", 31.496, 39.37, 0, 0, 180],
		[72, "PAD9_1", 276.22, -1110, "T", "SMD", "GND", "GND", "R", 31.496, 39.37, 0, 0, 180],
		[73, "PAD10_2", 565, -653.78, "B", "SMD", "GND", "GND", "R", 47.2441, 66.9291, 0, 0, 90],
		[74, "PAD11_1", 565, -726.22, "B", "SMD", "$1N2064", "", "R", 47.2441, 66.9291, 0, 0, 90],
		[75, "PAD12_2", 899.49, -215, "T", "SMD", "GND", "GND", "R", 68.504, 55.118, 0, 0, 360],
		[76, "PAD13_1", 610.51, -215, "T", "SMD", "$1N1438", "", "R", 68.504, 55.118, 0, 0, 360],
		[77, "PAD14_1", 999.882, -826.363, "T", "SMD", "VCC", "", "R", 62.992, 27.559, 0, 0, 180],
		[78, "PAD15_2", 999.882, -779.119, "T", "SMD", "GND", "GND", "R", 62.992, 27.559, 0, 0, 180],
		[79, "PAD16_3", 999.882, -731.875, "T", "SMD", "$1N849", "", "R", 62.992, 27.559, 0, 0, 180],
		[80, "PAD17_4", 999.882, -684.631, "T", "SMD", "$1N855", "", "R", 62.992, 27.559, 0, 0, 180],
		[81, "PAD18_8", 999.882, -495.655, "T", "SMD", "GND", "GND", "R", 62.992, 27.559, 0, 0, 180],
		[82, "PAD19_9", 999.882, -448.411, "T", "SMD", "GND", "GND", "R", 62.992, 27.559, 0, 0, 180],
		[83, "PAD20_10", 870.355, -373.618, "T", "SMD", "GND", "GND", "R", 62.992, 27.559, 0, 0, 270],
		[84, "PAD21_14", 681.38, -373.618, "T", "SMD", "$1N1438", "", "R", 62.992, 27.559, 0, 0, 270],
		[85, "PAD22_17", 539.647, -373.622, "T", "SMD", "VCC", "", "R", 62.992, 27.559, 0, 0, 270],
		[86, "PAD23_20", 410.119, -542.919, "T", "SMD", "$1N2000", "", "R", 62.992, 27.559, 0, 0, 0],
		[87, "PAD24_24", 410.119, -731.895, "T", "SMD", "$1N873", "", "R", 62.992, 27.559, 0, 0, 0],
		[88, "PAD25_25", 410.119, -779.139, "T", "SMD", "$1N864", "", "R", 62.992, 27.559, 0, 0, 0],
		[89, "PAD26_26", 410.119, -826.383, "T", "SMD", "GND", "GND", "R", 62.992, 27.559, 0, 0, 0],
		[90, "PAD27_14", 15.983, -985.002, "T", "SMD", "VCC", "", "O", 22.598, 80.236, 0, 0, 90],
		[91, "PAD28_7", 234.023, -685.002, "T", "SMD", "GND", "GND", "O", 22.598, 80.236, 0, 0, 90],
		[92, "PAD29_6", 234.023, -735.002, "T", "SMD", "$1N2006", "", "O", 22.598, 80.236, 0, 0, 90],
		[93, "PAD30_5", 234.023, -785.002, "T", "SMD", "$1N2064", "", "O", 22.598, 80.236, 0, 0, 90],
		[94, "PAD31_4", 234.023, -835.002, "T", "SMD", "VCC", "", "O", 22.598, 80.236, 0, 0, 90],
		[95, "PAD32_3", 234.023, -885.002, "T", "SMD", "$1N2000", "", "O", 22.598, 80.236, 0, 0, 90],
		[96, "PAD33_2", 234.023, -935.002, "T", "SMD", "$1N2006", "", "O", 22.598, 80.236, 0, 0, 90],
		[97, "PAD34_1", 234.023, -985.002, "T", "SMD", "VCC", "", "O", 22.598, 80.236, 0, 0, 90]
	]
}
}